"filename", "language", "Java", "XML", "PostCSS", "comment", "blank", "total"
"d:\qq\接受文件\vcampus-projects-new\vcampus-projects-new\vcampus-projects-2\vcampus_client\bin\seu\vcampus\client\css\admin_dormitory_info.css", "PostCSS", 0, 0, 116, 11, 28, 155
"d:\qq\接受文件\vcampus-projects-new\vcampus-projects-new\vcampus-projects-2\vcampus_client\bin\seu\vcampus\client\css\admin_exchange.css", "PostCSS", 0, 0, 86, 7, 21, 114
"d:\qq\接受文件\vcampus-projects-new\vcampus-projects-new\vcampus-projects-2\vcampus_client\bin\seu\vcampus\client\css\admin_order_manager.css", "PostCSS", 0, 0, 87, 0, 14, 101
"d:\qq\接受文件\vcampus-projects-new\vcampus-projects-new\vcampus-projects-2\vcampus_client\bin\seu\vcampus\client\css\admin_portal.css", "PostCSS", 0, 0, 119, 10, 0, 129
"d:\qq\接受文件\vcampus-projects-new\vcampus-projects-new\vcampus-projects-2\vcampus_client\bin\seu\vcampus\client\css\admin_reminder.css", "PostCSS", 0, 0, 109, 12, 25, 146
"d:\qq\接受文件\vcampus-projects-new\vcampus-projects-new\vcampus-projects-2\vcampus_client\bin\seu\vcampus\client\css\admin_repair.css", "PostCSS", 0, 0, 66, 1, 15, 82
"d:\qq\接受文件\vcampus-projects-new\vcampus-projects-new\vcampus-projects-2\vcampus_client\bin\seu\vcampus\client\css\cart.css", "PostCSS", 0, 0, 104, 4, 19, 127
"d:\qq\接受文件\vcampus-projects-new\vcampus-projects-new\vcampus-projects-2\vcampus_client\bin\seu\vcampus\client\css\dormadmin.css", "PostCSS", 0, 0, 120, 10, 0, 130
"d:\qq\接受文件\vcampus-projects-new\vcampus-projects-new\vcampus-projects-2\vcampus_client\bin\seu\vcampus\client\css\edu_admin.css", "PostCSS", 0, 0, 829, 105, 170, 1104
"d:\qq\接受文件\vcampus-projects-new\vcampus-projects-new\vcampus-projects-2\vcampus_client\bin\seu\vcampus\client\css\login.css", "PostCSS", 0, 0, 169, 21, 16, 206
"d:\qq\接受文件\vcampus-projects-new\vcampus-projects-new\vcampus-projects-2\vcampus_client\bin\seu\vcampus\client\css\logout.css", "PostCSS", 0, 0, 72, 15, 15, 102
"d:\qq\接受文件\vcampus-projects-new\vcampus-projects-new\vcampus-projects-2\vcampus_client\bin\seu\vcampus\client\css\order_history.css", "PostCSS", 0, 0, 143, 4, 32, 179
"d:\qq\接受文件\vcampus-projects-new\vcampus-projects-new\vcampus-projects-2\vcampus_client\bin\seu\vcampus\client\css\product_browse.css", "PostCSS", 0, 0, 100, 5, 18, 123
"d:\qq\接受文件\vcampus-projects-new\vcampus-projects-new\vcampus-projects-2\vcampus_client\bin\seu\vcampus\client\css\store_manage.css", "PostCSS", 0, 0, 113, 0, 19, 132
"d:\qq\接受文件\vcampus-projects-new\vcampus-projects-new\vcampus-projects-2\vcampus_client\bin\seu\vcampus\client\css\store_manage3.css", "PostCSS", 0, 0, 138, 14, 33, 185
"d:\qq\接受文件\vcampus-projects-new\vcampus-projects-new\vcampus-projects-2\vcampus_client\bin\seu\vcampus\client\css\student_dormitoryinfo.css", "PostCSS", 0, 0, 87, 15, 22, 124
"d:\qq\接受文件\vcampus-projects-new\vcampus-projects-new\vcampus-projects-2\vcampus_client\bin\seu\vcampus\client\css\student_electricity_waterbill.css", "PostCSS", 0, 0, 106, 9, 27, 142
"d:\qq\接受文件\vcampus-projects-new\vcampus-projects-new\vcampus-projects-2\vcampus_client\bin\seu\vcampus\client\css\student_exchange.css", "PostCSS", 0, 0, 42, 5, 9, 56
"d:\qq\接受文件\vcampus-projects-new\vcampus-projects-new\vcampus-projects-2\vcampus_client\bin\seu\vcampus\client\css\student_portal.css", "PostCSS", 0, 0, 141, 10, 5, 156
"d:\qq\接受文件\vcampus-projects-new\vcampus-projects-new\vcampus-projects-2\vcampus_client\bin\seu\vcampus\client\css\student_repair.css", "PostCSS", 0, 0, 42, 5, 9, 56
"d:\qq\接受文件\vcampus-projects-new\vcampus-projects-new\vcampus-projects-2\vcampus_client\bin\seu\vcampus\client\css\student_status.css", "PostCSS", 0, 0, 396, 75, 86, 557
"d:\qq\接受文件\vcampus-projects-new\vcampus-projects-new\vcampus-projects-2\vcampus_client\bin\seu\vcampus\client\css\teacher_portal.css", "PostCSS", 0, 0, 119, 10, 0, 129
"d:\qq\接受文件\vcampus-projects-new\vcampus-projects-new\vcampus-projects-2\vcampus_client\bin\seu\vcampus\client\css\transaction_history.css", "PostCSS", 0, 0, 128, 5, 28, 161
"d:\qq\接受文件\vcampus-projects-new\vcampus-projects-new\vcampus-projects-2\vcampus_client\bin\seu\vcampus\client\view\absence_form.fxml", "XML", 0, 39, 0, 0, 3, 42
"d:\qq\接受文件\vcampus-projects-new\vcampus-projects-new\vcampus-projects-2\vcampus_client\bin\seu\vcampus\client\view\admin_dormitory_info.fxml", "XML", 0, 117, 0, 14, 24, 155
"d:\qq\接受文件\vcampus-projects-new\vcampus-projects-new\vcampus-projects-2\vcampus_client\bin\seu\vcampus\client\view\admin_exchange.fxml", "XML", 0, 133, 0, 8, 17, 158
"d:\qq\接受文件\vcampus-projects-new\vcampus-projects-new\vcampus-projects-2\vcampus_client\bin\seu\vcampus\client\view\admin_grades.fxml", "XML", 0, 153, 0, 7, 9, 169
"d:\qq\接受文件\vcampus-projects-new\vcampus-projects-new\vcampus-projects-2\vcampus_client\bin\seu\vcampus\client\view\admin_info.fxml", "XML", 0, 66, 0, 8, 19, 93
"d:\qq\接受文件\vcampus-projects-new\vcampus-projects-new\vcampus-projects-2\vcampus_client\bin\seu\vcampus\client\view\admin_order_manage.fxml", "XML", 0, 56, 0, 5, 8, 69
"d:\qq\接受文件\vcampus-projects-new\vcampus-projects-new\vcampus-projects-2\vcampus_client\bin\seu\vcampus\client\view\admin_portal.fxml", "XML", 0, 55, 0, 6, 9, 70
"d:\qq\接受文件\vcampus-projects-new\vcampus-projects-new\vcampus-projects-2\vcampus_client\bin\seu\vcampus\client\view\admin_reminder.fxml", "XML", 0, 85, 0, 9, 14, 108
"d:\qq\接受文件\vcampus-projects-new\vcampus-projects-new\vcampus-projects-2\vcampus_client\bin\seu\vcampus\client\view\admin_repair.fxml", "XML", 0, 36, 0, 1, 4, 41
"d:\qq\接受文件\vcampus-projects-new\vcampus-projects-new\vcampus-projects-2\vcampus_client\bin\seu\vcampus\client\view\admin_reward_punishment.fxml", "XML", 0, 151, 0, 6, 11, 168
"d:\qq\接受文件\vcampus-projects-new\vcampus-projects-new\vcampus-projects-2\vcampus_client\bin\seu\vcampus\client\view\admin_status_change.fxml", "XML", 0, 93, 0, 4, 8, 105
"d:\qq\接受文件\vcampus-projects-new\vcampus-projects-new\vcampus-projects-2\vcampus_client\bin\seu\vcampus\client\view\admin_student_profile.fxml", "XML", 0, 160, 0, 8, 10, 178
"d:\qq\接受文件\vcampus-projects-new\vcampus-projects-new\vcampus-projects-2\vcampus_client\bin\seu\vcampus\client\view\borrow_manage.fxml", "XML", 0, 80, 0, 13, 16, 109
"d:\qq\接受文件\vcampus-projects-new\vcampus-projects-new\vcampus-projects-2\vcampus_client\bin\seu\vcampus\client\view\cart.fxml", "XML", 0, 39, 0, 4, 6, 49
"d:\qq\接受文件\vcampus-projects-new\vcampus-projects-new\vcampus-projects-2\vcampus_client\bin\seu\vcampus\client\view\change_password.fxml", "XML", 0, 55, 0, 5, 10, 70
"d:\qq\接受文件\vcampus-projects-new\vcampus-projects-new\vcampus-projects-2\vcampus_client\bin\seu\vcampus\client\view\course_application.fxml", "XML", 0, 127, 0, 0, 3, 130
"d:\qq\接受文件\vcampus-projects-new\vcampus-projects-new\vcampus-projects-2\vcampus_client\bin\seu\vcampus\client\view\course_desk.fxml", "XML", 0, 59, 0, 0, 3, 62
"d:\qq\接受文件\vcampus-projects-new\vcampus-projects-new\vcampus-projects-2\vcampus_client\bin\seu\vcampus\client\view\course_public.fxml", "XML", 0, 114, 0, 0, 3, 117
"d:\qq\接受文件\vcampus-projects-new\vcampus-projects-new\vcampus-projects-2\vcampus_client\bin\seu\vcampus\client\view\course_schedule.fxml", "XML", 0, 111, 0, 0, 3, 114
"d:\qq\接受文件\vcampus-projects-new\vcampus-projects-new\vcampus-projects-2\vcampus_client\bin\seu\vcampus\client\view\dormadmin_portal.fxml", "XML", 0, 46, 0, 5, 3, 54
"d:\qq\接受文件\vcampus-projects-new\vcampus-projects-new\vcampus-projects-2\vcampus_client\bin\seu\vcampus\client\view\dropout_form.fxml", "XML", 0, 34, 0, 0, 3, 37
"d:\qq\接受文件\vcampus-projects-new\vcampus-projects-new\vcampus-projects-2\vcampus_client\bin\seu\vcampus\client\view\library_borrow.fxml", "XML", 0, 51, 0, 9, 11, 71
"d:\qq\接受文件\vcampus-projects-new\vcampus-projects-new\vcampus-projects-2\vcampus_client\bin\seu\vcampus\client\view\library_check.fxml", "XML", 0, 117, 0, 21, 14, 152
"d:\qq\接受文件\vcampus-projects-new\vcampus-projects-new\vcampus-projects-2\vcampus_client\bin\seu\vcampus\client\view\library_manage1.fxml", "XML", 0, 178, 0, 14, 18, 210
"d:\qq\接受文件\vcampus-projects-new\vcampus-projects-new\vcampus-projects-2\vcampus_client\bin\seu\vcampus\client\view\library_manage2.fxml", "XML", 0, 55, 0, 6, 8, 69
"d:\qq\接受文件\vcampus-projects-new\vcampus-projects-new\vcampus-projects-2\vcampus_client\bin\seu\vcampus\client\view\login.fxml", "XML", 0, 104, 0, 14, 10, 128
"d:\qq\接受文件\vcampus-projects-new\vcampus-projects-new\vcampus-projects-2\vcampus_client\bin\seu\vcampus\client\view\logout.fxml", "XML", 0, 27, 0, 1, 4, 32
"d:\qq\接受文件\vcampus-projects-new\vcampus-projects-new\vcampus-projects-2\vcampus_client\bin\seu\vcampus\client\view\major_change_form.fxml", "XML", 0, 39, 0, 0, 3, 42
"d:\qq\接受文件\vcampus-projects-new\vcampus-projects-new\vcampus-projects-2\vcampus_client\bin\seu\vcampus\client\view\order_history.fxml", "XML", 0, 32, 0, 3, 4, 39
"d:\qq\接受文件\vcampus-projects-new\vcampus-projects-new\vcampus-projects-2\vcampus_client\bin\seu\vcampus\client\view\product_browse.fxml", "XML", 0, 39, 0, 3, 6, 48
"d:\qq\接受文件\vcampus-projects-new\vcampus-projects-new\vcampus-projects-2\vcampus_client\bin\seu\vcampus\client\view\room_manage.fxml", "XML", 0, 84, 0, 11, 9, 104
"d:\qq\接受文件\vcampus-projects-new\vcampus-projects-new\vcampus-projects-2\vcampus_client\bin\seu\vcampus\client\view\select_course.fxml", "XML", 0, 112, 0, 0, 3, 115
"d:\qq\接受文件\vcampus-projects-new\vcampus-projects-new\vcampus-projects-2\vcampus_client\bin\seu\vcampus\client\view\store_manage.fxml", "XML", 0, 61, 0, 4, 8, 73
"d:\qq\接受文件\vcampus-projects-new\vcampus-projects-new\vcampus-projects-2\vcampus_client\bin\seu\vcampus\client\view\store_manage3.fxml", "XML", 0, 97, 0, 6, 14, 117
"d:\qq\接受文件\vcampus-projects-new\vcampus-projects-new\vcampus-projects-2\vcampus_client\bin\seu\vcampus\client\view\student_dormitory_info.fxml", "XML", 0, 113, 0, 11, 19, 143
"d:\qq\接受文件\vcampus-projects-new\vcampus-projects-new\vcampus-projects-2\vcampus_client\bin\seu\vcampus\client\view\student_electricity_waterbill.fxml", "XML", 0, 78, 0, 8, 15, 101
"d:\qq\接受文件\vcampus-projects-new\vcampus-projects-new\vcampus-projects-2\vcampus_client\bin\seu\vcampus\client\view\student_exchange.fxml", "XML", 0, 51, 0, 4, 9, 64
"d:\qq\接受文件\vcampus-projects-new\vcampus-projects-new\vcampus-projects-2\vcampus_client\bin\seu\vcampus\client\view\student_grades.fxml", "XML", 0, 97, 0, 6, 8, 111
"d:\qq\接受文件\vcampus-projects-new\vcampus-projects-new\vcampus-projects-2\vcampus_client\bin\seu\vcampus\client\view\student_info.fxml", "XML", 0, 165, 0, 17, 33, 215
"d:\qq\接受文件\vcampus-projects-new\vcampus-projects-new\vcampus-projects-2\vcampus_client\bin\seu\vcampus\client\view\student_portal.fxml", "XML", 0, 55, 0, 7, 9, 71
"d:\qq\接受文件\vcampus-projects-new\vcampus-projects-new\vcampus-projects-2\vcampus_client\bin\seu\vcampus\client\view\student_profile.fxml", "XML", 0, 121, 0, 7, 8, 136
"d:\qq\接受文件\vcampus-projects-new\vcampus-projects-new\vcampus-projects-2\vcampus_client\bin\seu\vcampus\client\view\student_repair.fxml", "XML", 0, 24, 0, 1, 3, 28
"d:\qq\接受文件\vcampus-projects-new\vcampus-projects-new\vcampus-projects-2\vcampus_client\bin\seu\vcampus\client\view\student_reward_punishment.fxml", "XML", 0, 47, 0, 5, 6, 58
"d:\qq\接受文件\vcampus-projects-new\vcampus-projects-new\vcampus-projects-2\vcampus_client\bin\seu\vcampus\client\view\student_status_change.fxml", "XML", 0, 78, 0, 8, 9, 95
"d:\qq\接受文件\vcampus-projects-new\vcampus-projects-new\vcampus-projects-2\vcampus_client\bin\seu\vcampus\client\view\teacher_grades.fxml", "XML", 0, 87, 0, 5, 7, 99
"d:\qq\接受文件\vcampus-projects-new\vcampus-projects-new\vcampus-projects-2\vcampus_client\bin\seu\vcampus\client\view\teacher_info.fxml", "XML", 0, 78, 0, 11, 24, 113
"d:\qq\接受文件\vcampus-projects-new\vcampus-projects-new\vcampus-projects-2\vcampus_client\bin\seu\vcampus\client\view\teacher_portal.fxml", "XML", 0, 55, 0, 7, 9, 71
"d:\qq\接受文件\vcampus-projects-new\vcampus-projects-new\vcampus-projects-2\vcampus_client\bin\seu\vcampus\client\view\transaction_history.fxml", "XML", 0, 54, 0, 4, 9, 67
"d:\qq\接受文件\vcampus-projects-new\vcampus-projects-new\vcampus-projects-2\vcampus_client\resources\seu\vcampus\client\css\admin_dormitory_info.css", "PostCSS", 0, 0, 116, 11, 28, 155
"d:\qq\接受文件\vcampus-projects-new\vcampus-projects-new\vcampus-projects-2\vcampus_client\resources\seu\vcampus\client\css\admin_exchange.css", "PostCSS", 0, 0, 86, 7, 21, 114
"d:\qq\接受文件\vcampus-projects-new\vcampus-projects-new\vcampus-projects-2\vcampus_client\resources\seu\vcampus\client\css\admin_order_manager.css", "PostCSS", 0, 0, 87, 0, 14, 101
"d:\qq\接受文件\vcampus-projects-new\vcampus-projects-new\vcampus-projects-2\vcampus_client\resources\seu\vcampus\client\css\admin_portal.css", "PostCSS", 0, 0, 119, 10, 0, 129
"d:\qq\接受文件\vcampus-projects-new\vcampus-projects-new\vcampus-projects-2\vcampus_client\resources\seu\vcampus\client\css\admin_reminder.css", "PostCSS", 0, 0, 109, 12, 25, 146
"d:\qq\接受文件\vcampus-projects-new\vcampus-projects-new\vcampus-projects-2\vcampus_client\resources\seu\vcampus\client\css\admin_repair.css", "PostCSS", 0, 0, 66, 1, 15, 82
"d:\qq\接受文件\vcampus-projects-new\vcampus-projects-new\vcampus-projects-2\vcampus_client\resources\seu\vcampus\client\css\cart.css", "PostCSS", 0, 0, 104, 4, 19, 127
"d:\qq\接受文件\vcampus-projects-new\vcampus-projects-new\vcampus-projects-2\vcampus_client\resources\seu\vcampus\client\css\dormadmin.css", "PostCSS", 0, 0, 120, 10, 0, 130
"d:\qq\接受文件\vcampus-projects-new\vcampus-projects-new\vcampus-projects-2\vcampus_client\resources\seu\vcampus\client\css\edu_admin.css", "PostCSS", 0, 0, 829, 105, 170, 1104
"d:\qq\接受文件\vcampus-projects-new\vcampus-projects-new\vcampus-projects-2\vcampus_client\resources\seu\vcampus\client\css\login.css", "PostCSS", 0, 0, 169, 21, 16, 206
"d:\qq\接受文件\vcampus-projects-new\vcampus-projects-new\vcampus-projects-2\vcampus_client\resources\seu\vcampus\client\css\logout.css", "PostCSS", 0, 0, 72, 15, 15, 102
"d:\qq\接受文件\vcampus-projects-new\vcampus-projects-new\vcampus-projects-2\vcampus_client\resources\seu\vcampus\client\css\order_history.css", "PostCSS", 0, 0, 143, 4, 32, 179
"d:\qq\接受文件\vcampus-projects-new\vcampus-projects-new\vcampus-projects-2\vcampus_client\resources\seu\vcampus\client\css\product_browse.css", "PostCSS", 0, 0, 100, 5, 18, 123
"d:\qq\接受文件\vcampus-projects-new\vcampus-projects-new\vcampus-projects-2\vcampus_client\resources\seu\vcampus\client\css\store_manage.css", "PostCSS", 0, 0, 113, 0, 19, 132
"d:\qq\接受文件\vcampus-projects-new\vcampus-projects-new\vcampus-projects-2\vcampus_client\resources\seu\vcampus\client\css\store_manage3.css", "PostCSS", 0, 0, 138, 14, 33, 185
"d:\qq\接受文件\vcampus-projects-new\vcampus-projects-new\vcampus-projects-2\vcampus_client\resources\seu\vcampus\client\css\student_dormitoryinfo.css", "PostCSS", 0, 0, 87, 15, 22, 124
"d:\qq\接受文件\vcampus-projects-new\vcampus-projects-new\vcampus-projects-2\vcampus_client\resources\seu\vcampus\client\css\student_electricity_waterbill.css", "PostCSS", 0, 0, 106, 9, 27, 142
"d:\qq\接受文件\vcampus-projects-new\vcampus-projects-new\vcampus-projects-2\vcampus_client\resources\seu\vcampus\client\css\student_exchange.css", "PostCSS", 0, 0, 42, 5, 9, 56
"d:\qq\接受文件\vcampus-projects-new\vcampus-projects-new\vcampus-projects-2\vcampus_client\resources\seu\vcampus\client\css\student_portal.css", "PostCSS", 0, 0, 141, 10, 5, 156
"d:\qq\接受文件\vcampus-projects-new\vcampus-projects-new\vcampus-projects-2\vcampus_client\resources\seu\vcampus\client\css\student_repair.css", "PostCSS", 0, 0, 42, 5, 9, 56
"d:\qq\接受文件\vcampus-projects-new\vcampus-projects-new\vcampus-projects-2\vcampus_client\resources\seu\vcampus\client\css\student_status.css", "PostCSS", 0, 0, 396, 75, 86, 557
"d:\qq\接受文件\vcampus-projects-new\vcampus-projects-new\vcampus-projects-2\vcampus_client\resources\seu\vcampus\client\css\teacher_portal.css", "PostCSS", 0, 0, 119, 10, 0, 129
"d:\qq\接受文件\vcampus-projects-new\vcampus-projects-new\vcampus-projects-2\vcampus_client\resources\seu\vcampus\client\css\transaction_history.css", "PostCSS", 0, 0, 128, 5, 28, 161
"d:\qq\接受文件\vcampus-projects-new\vcampus-projects-new\vcampus-projects-2\vcampus_client\resources\seu\vcampus\client\view\absence_form.fxml", "XML", 0, 39, 0, 0, 3, 42
"d:\qq\接受文件\vcampus-projects-new\vcampus-projects-new\vcampus-projects-2\vcampus_client\resources\seu\vcampus\client\view\admin_dormitory_info.fxml", "XML", 0, 117, 0, 14, 24, 155
"d:\qq\接受文件\vcampus-projects-new\vcampus-projects-new\vcampus-projects-2\vcampus_client\resources\seu\vcampus\client\view\admin_exchange.fxml", "XML", 0, 133, 0, 8, 17, 158
"d:\qq\接受文件\vcampus-projects-new\vcampus-projects-new\vcampus-projects-2\vcampus_client\resources\seu\vcampus\client\view\admin_grades.fxml", "XML", 0, 153, 0, 7, 9, 169
"d:\qq\接受文件\vcampus-projects-new\vcampus-projects-new\vcampus-projects-2\vcampus_client\resources\seu\vcampus\client\view\admin_info.fxml", "XML", 0, 66, 0, 8, 19, 93
"d:\qq\接受文件\vcampus-projects-new\vcampus-projects-new\vcampus-projects-2\vcampus_client\resources\seu\vcampus\client\view\admin_order_manage.fxml", "XML", 0, 56, 0, 5, 8, 69
"d:\qq\接受文件\vcampus-projects-new\vcampus-projects-new\vcampus-projects-2\vcampus_client\resources\seu\vcampus\client\view\admin_portal.fxml", "XML", 0, 55, 0, 6, 9, 70
"d:\qq\接受文件\vcampus-projects-new\vcampus-projects-new\vcampus-projects-2\vcampus_client\resources\seu\vcampus\client\view\admin_reminder.fxml", "XML", 0, 85, 0, 9, 14, 108
"d:\qq\接受文件\vcampus-projects-new\vcampus-projects-new\vcampus-projects-2\vcampus_client\resources\seu\vcampus\client\view\admin_repair.fxml", "XML", 0, 36, 0, 1, 4, 41
"d:\qq\接受文件\vcampus-projects-new\vcampus-projects-new\vcampus-projects-2\vcampus_client\resources\seu\vcampus\client\view\admin_reward_punishment.fxml", "XML", 0, 151, 0, 6, 11, 168
"d:\qq\接受文件\vcampus-projects-new\vcampus-projects-new\vcampus-projects-2\vcampus_client\resources\seu\vcampus\client\view\admin_status_change.fxml", "XML", 0, 93, 0, 4, 8, 105
"d:\qq\接受文件\vcampus-projects-new\vcampus-projects-new\vcampus-projects-2\vcampus_client\resources\seu\vcampus\client\view\admin_student_profile.fxml", "XML", 0, 160, 0, 8, 10, 178
"d:\qq\接受文件\vcampus-projects-new\vcampus-projects-new\vcampus-projects-2\vcampus_client\resources\seu\vcampus\client\view\borrow_manage.fxml", "XML", 0, 80, 0, 13, 16, 109
"d:\qq\接受文件\vcampus-projects-new\vcampus-projects-new\vcampus-projects-2\vcampus_client\resources\seu\vcampus\client\view\cart.fxml", "XML", 0, 39, 0, 4, 6, 49
"d:\qq\接受文件\vcampus-projects-new\vcampus-projects-new\vcampus-projects-2\vcampus_client\resources\seu\vcampus\client\view\change_password.fxml", "XML", 0, 55, 0, 5, 10, 70
"d:\qq\接受文件\vcampus-projects-new\vcampus-projects-new\vcampus-projects-2\vcampus_client\resources\seu\vcampus\client\view\course_application.fxml", "XML", 0, 127, 0, 0, 3, 130
"d:\qq\接受文件\vcampus-projects-new\vcampus-projects-new\vcampus-projects-2\vcampus_client\resources\seu\vcampus\client\view\course_desk.fxml", "XML", 0, 59, 0, 0, 3, 62
"d:\qq\接受文件\vcampus-projects-new\vcampus-projects-new\vcampus-projects-2\vcampus_client\resources\seu\vcampus\client\view\course_public.fxml", "XML", 0, 114, 0, 0, 3, 117
"d:\qq\接受文件\vcampus-projects-new\vcampus-projects-new\vcampus-projects-2\vcampus_client\resources\seu\vcampus\client\view\course_schedule.fxml", "XML", 0, 111, 0, 0, 3, 114
"d:\qq\接受文件\vcampus-projects-new\vcampus-projects-new\vcampus-projects-2\vcampus_client\resources\seu\vcampus\client\view\dormadmin_portal.fxml", "XML", 0, 46, 0, 5, 3, 54
"d:\qq\接受文件\vcampus-projects-new\vcampus-projects-new\vcampus-projects-2\vcampus_client\resources\seu\vcampus\client\view\dropout_form.fxml", "XML", 0, 34, 0, 0, 3, 37
"d:\qq\接受文件\vcampus-projects-new\vcampus-projects-new\vcampus-projects-2\vcampus_client\resources\seu\vcampus\client\view\library_borrow.fxml", "XML", 0, 51, 0, 9, 11, 71
"d:\qq\接受文件\vcampus-projects-new\vcampus-projects-new\vcampus-projects-2\vcampus_client\resources\seu\vcampus\client\view\library_check.fxml", "XML", 0, 117, 0, 21, 14, 152
"d:\qq\接受文件\vcampus-projects-new\vcampus-projects-new\vcampus-projects-2\vcampus_client\resources\seu\vcampus\client\view\library_manage1.fxml", "XML", 0, 178, 0, 14, 18, 210
"d:\qq\接受文件\vcampus-projects-new\vcampus-projects-new\vcampus-projects-2\vcampus_client\resources\seu\vcampus\client\view\library_manage2.fxml", "XML", 0, 55, 0, 6, 8, 69
"d:\qq\接受文件\vcampus-projects-new\vcampus-projects-new\vcampus-projects-2\vcampus_client\resources\seu\vcampus\client\view\login.fxml", "XML", 0, 104, 0, 14, 10, 128
"d:\qq\接受文件\vcampus-projects-new\vcampus-projects-new\vcampus-projects-2\vcampus_client\resources\seu\vcampus\client\view\logout.fxml", "XML", 0, 27, 0, 1, 4, 32
"d:\qq\接受文件\vcampus-projects-new\vcampus-projects-new\vcampus-projects-2\vcampus_client\resources\seu\vcampus\client\view\major_change_form.fxml", "XML", 0, 39, 0, 0, 3, 42
"d:\qq\接受文件\vcampus-projects-new\vcampus-projects-new\vcampus-projects-2\vcampus_client\resources\seu\vcampus\client\view\order_history.fxml", "XML", 0, 32, 0, 3, 4, 39
"d:\qq\接受文件\vcampus-projects-new\vcampus-projects-new\vcampus-projects-2\vcampus_client\resources\seu\vcampus\client\view\product_browse.fxml", "XML", 0, 39, 0, 3, 6, 48
"d:\qq\接受文件\vcampus-projects-new\vcampus-projects-new\vcampus-projects-2\vcampus_client\resources\seu\vcampus\client\view\room_manage.fxml", "XML", 0, 84, 0, 11, 9, 104
"d:\qq\接受文件\vcampus-projects-new\vcampus-projects-new\vcampus-projects-2\vcampus_client\resources\seu\vcampus\client\view\select_course.fxml", "XML", 0, 112, 0, 0, 3, 115
"d:\qq\接受文件\vcampus-projects-new\vcampus-projects-new\vcampus-projects-2\vcampus_client\resources\seu\vcampus\client\view\store_manage.fxml", "XML", 0, 61, 0, 4, 8, 73
"d:\qq\接受文件\vcampus-projects-new\vcampus-projects-new\vcampus-projects-2\vcampus_client\resources\seu\vcampus\client\view\store_manage3.fxml", "XML", 0, 97, 0, 6, 14, 117
"d:\qq\接受文件\vcampus-projects-new\vcampus-projects-new\vcampus-projects-2\vcampus_client\resources\seu\vcampus\client\view\student_dormitory_info.fxml", "XML", 0, 113, 0, 11, 19, 143
"d:\qq\接受文件\vcampus-projects-new\vcampus-projects-new\vcampus-projects-2\vcampus_client\resources\seu\vcampus\client\view\student_electricity_waterbill.fxml", "XML", 0, 78, 0, 8, 15, 101
"d:\qq\接受文件\vcampus-projects-new\vcampus-projects-new\vcampus-projects-2\vcampus_client\resources\seu\vcampus\client\view\student_exchange.fxml", "XML", 0, 51, 0, 4, 9, 64
"d:\qq\接受文件\vcampus-projects-new\vcampus-projects-new\vcampus-projects-2\vcampus_client\resources\seu\vcampus\client\view\student_grades.fxml", "XML", 0, 97, 0, 6, 8, 111
"d:\qq\接受文件\vcampus-projects-new\vcampus-projects-new\vcampus-projects-2\vcampus_client\resources\seu\vcampus\client\view\student_info.fxml", "XML", 0, 165, 0, 17, 33, 215
"d:\qq\接受文件\vcampus-projects-new\vcampus-projects-new\vcampus-projects-2\vcampus_client\resources\seu\vcampus\client\view\student_portal.fxml", "XML", 0, 55, 0, 7, 9, 71
"d:\qq\接受文件\vcampus-projects-new\vcampus-projects-new\vcampus-projects-2\vcampus_client\resources\seu\vcampus\client\view\student_profile.fxml", "XML", 0, 121, 0, 7, 8, 136
"d:\qq\接受文件\vcampus-projects-new\vcampus-projects-new\vcampus-projects-2\vcampus_client\resources\seu\vcampus\client\view\student_repair.fxml", "XML", 0, 24, 0, 1, 3, 28
"d:\qq\接受文件\vcampus-projects-new\vcampus-projects-new\vcampus-projects-2\vcampus_client\resources\seu\vcampus\client\view\student_reward_punishment.fxml", "XML", 0, 47, 0, 5, 6, 58
"d:\qq\接受文件\vcampus-projects-new\vcampus-projects-new\vcampus-projects-2\vcampus_client\resources\seu\vcampus\client\view\student_status_change.fxml", "XML", 0, 78, 0, 8, 9, 95
"d:\qq\接受文件\vcampus-projects-new\vcampus-projects-new\vcampus-projects-2\vcampus_client\resources\seu\vcampus\client\view\teacher_grades.fxml", "XML", 0, 87, 0, 5, 7, 99
"d:\qq\接受文件\vcampus-projects-new\vcampus-projects-new\vcampus-projects-2\vcampus_client\resources\seu\vcampus\client\view\teacher_info.fxml", "XML", 0, 78, 0, 11, 24, 113
"d:\qq\接受文件\vcampus-projects-new\vcampus-projects-new\vcampus-projects-2\vcampus_client\resources\seu\vcampus\client\view\teacher_portal.fxml", "XML", 0, 55, 0, 7, 9, 71
"d:\qq\接受文件\vcampus-projects-new\vcampus-projects-new\vcampus-projects-2\vcampus_client\resources\seu\vcampus\client\view\transaction_history.fxml", "XML", 0, 54, 0, 4, 9, 67
"d:\qq\接受文件\vcampus-projects-new\vcampus-projects-new\vcampus-projects-2\vcampus_client\src\module-info.java", "Java", 12, 0, 0, 9, 2, 23
"d:\qq\接受文件\vcampus-projects-new\vcampus-projects-new\vcampus-projects-2\vcampus_client\src\seu\vcampus\client\Client.java", "Java", 24, 0, 0, 3, 7, 34
"d:\qq\接受文件\vcampus-projects-new\vcampus-projects-new\vcampus-projects-2\vcampus_client\src\seu\vcampus\client\controller\AbsenceFormController.java", "Java", 38, 0, 0, 0, 6, 44
"d:\qq\接受文件\vcampus-projects-new\vcampus-projects-new\vcampus-projects-2\vcampus_client\src\seu\vcampus\client\controller\AdminDormitoryInfoController.java", "Java", 216, 0, 0, 37, 47, 300
"d:\qq\接受文件\vcampus-projects-new\vcampus-projects-new\vcampus-projects-2\vcampus_client\src\seu\vcampus\client\controller\AdminExchangeController.java", "Java", 363, 0, 0, 37, 57, 457
"d:\qq\接受文件\vcampus-projects-new\vcampus-projects-new\vcampus-projects-2\vcampus_client\src\seu\vcampus\client\controller\AdminGradesController.java", "Java", 663, 0, 0, 87, 120, 870
"d:\qq\接受文件\vcampus-projects-new\vcampus-projects-new\vcampus-projects-2\vcampus_client\src\seu\vcampus\client\controller\AdminInfoController.java", "Java", 94, 0, 0, 12, 23, 129
"d:\qq\接受文件\vcampus-projects-new\vcampus-projects-new\vcampus-projects-2\vcampus_client\src\seu\vcampus\client\controller\AdminOrderManagerController.java", "Java", 311, 0, 0, 36, 55, 402
"d:\qq\接受文件\vcampus-projects-new\vcampus-projects-new\vcampus-projects-2\vcampus_client\src\seu\vcampus\client\controller\AdminReminderController.java", "Java", 307, 0, 0, 38, 56, 401
"d:\qq\接受文件\vcampus-projects-new\vcampus-projects-new\vcampus-projects-2\vcampus_client\src\seu\vcampus\client\controller\AdminRepairController.java", "Java", 186, 0, 0, 14, 42, 242
"d:\qq\接受文件\vcampus-projects-new\vcampus-projects-new\vcampus-projects-2\vcampus_client\src\seu\vcampus\client\controller\AdminRewardPunishment.java", "Java", 693, 0, 0, 43, 129, 865
"d:\qq\接受文件\vcampus-projects-new\vcampus-projects-new\vcampus-projects-2\vcampus_client\src\seu\vcampus\client\controller\AdminStatusChangeController.java", "Java", 247, 0, 0, 3, 43, 293
"d:\qq\接受文件\vcampus-projects-new\vcampus-projects-new\vcampus-projects-2\vcampus_client\src\seu\vcampus\client\controller\AdminStudentProfileController.java", "Java", 742, 0, 0, 20, 147, 909
"d:\qq\接受文件\vcampus-projects-new\vcampus-projects-new\vcampus-projects-2\vcampus_client\src\seu\vcampus\client\controller\AdministratorPortalController.java", "Java", 339, 0, 0, 25, 46, 410
"d:\qq\接受文件\vcampus-projects-new\vcampus-projects-new\vcampus-projects-2\vcampus_client\src\seu\vcampus\client\controller\BorrowManageController.java", "Java", 552, 0, 0, 79, 60, 691
"d:\qq\接受文件\vcampus-projects-new\vcampus-projects-new\vcampus-projects-2\vcampus_client\src\seu\vcampus\client\controller\CartController.java", "Java", 295, 0, 0, 24, 70, 389
"d:\qq\接受文件\vcampus-projects-new\vcampus-projects-new\vcampus-projects-2\vcampus_client\src\seu\vcampus\client\controller\ChangePasswordController.java", "Java", 100, 0, 0, 8, 25, 133
"d:\qq\接受文件\vcampus-projects-new\vcampus-projects-new\vcampus-projects-2\vcampus_client\src\seu\vcampus\client\controller\CourseApplicationController.java", "Java", 281, 0, 0, 8, 60, 349
"d:\qq\接受文件\vcampus-projects-new\vcampus-projects-new\vcampus-projects-2\vcampus_client\src\seu\vcampus\client\controller\CourseDeskController.java", "Java", 457, 0, 0, 15, 84, 556
"d:\qq\接受文件\vcampus-projects-new\vcampus-projects-new\vcampus-projects-2\vcampus_client\src\seu\vcampus\client\controller\CoursePublicController.java", "Java", 484, 0, 0, 31, 129, 644
"d:\qq\接受文件\vcampus-projects-new\vcampus-projects-new\vcampus-projects-2\vcampus_client\src\seu\vcampus\client\controller\CourseScheduleController.java", "Java", 792, 0, 0, 44, 152, 988
"d:\qq\接受文件\vcampus-projects-new\vcampus-projects-new\vcampus-projects-2\vcampus_client\src\seu\vcampus\client\controller\CourseSelectController.java", "Java", 818, 0, 0, 82, 161, 1061
"d:\qq\接受文件\vcampus-projects-new\vcampus-projects-new\vcampus-projects-2\vcampus_client\src\seu\vcampus\client\controller\DormAdminPortalController.java", "Java", 215, 0, 0, 15, 32, 262
"d:\qq\接受文件\vcampus-projects-new\vcampus-projects-new\vcampus-projects-2\vcampus_client\src\seu\vcampus\client\controller\DropoutFormController.java", "Java", 18, 0, 0, 0, 6, 24
"d:\qq\接受文件\vcampus-projects-new\vcampus-projects-new\vcampus-projects-2\vcampus_client\src\seu\vcampus\client\controller\LibraryBorrowController.java", "Java", 175, 0, 0, 24, 37, 236
"d:\qq\接受文件\vcampus-projects-new\vcampus-projects-new\vcampus-projects-2\vcampus_client\src\seu\vcampus\client\controller\LibraryCheckController.java", "Java", 460, 0, 0, 113, 62, 635
"d:\qq\接受文件\vcampus-projects-new\vcampus-projects-new\vcampus-projects-2\vcampus_client\src\seu\vcampus\client\controller\LibraryManage1Controller.java", "Java", 611, 0, 0, 131, 90, 832
"d:\qq\接受文件\vcampus-projects-new\vcampus-projects-new\vcampus-projects-2\vcampus_client\src\seu\vcampus\client\controller\LibraryManage2Controller.java", "Java", 572, 0, 0, 39, 112, 723
"d:\qq\接受文件\vcampus-projects-new\vcampus-projects-new\vcampus-projects-2\vcampus_client\src\seu\vcampus\client\controller\LoginController.java", "Java", 312, 0, 0, 53, 58, 423
"d:\qq\接受文件\vcampus-projects-new\vcampus-projects-new\vcampus-projects-2\vcampus_client\src\seu\vcampus\client\controller\LogoutController.java", "Java", 74, 0, 0, 14, 22, 110
"d:\qq\接受文件\vcampus-projects-new\vcampus-projects-new\vcampus-projects-2\vcampus_client\src\seu\vcampus\client\controller\MajorChangeFormController.java", "Java", 42, 0, 0, 1, 10, 53
"d:\qq\接受文件\vcampus-projects-new\vcampus-projects-new\vcampus-projects-2\vcampus_client\src\seu\vcampus\client\controller\OrderHistoryController.java", "Java", 391, 0, 0, 8, 83, 482
"d:\qq\接受文件\vcampus-projects-new\vcampus-projects-new\vcampus-projects-2\vcampus_client\src\seu\vcampus\client\controller\ProductBrowseController.java", "Java", 279, 0, 0, 37, 51, 367
"d:\qq\接受文件\vcampus-projects-new\vcampus-projects-new\vcampus-projects-2\vcampus_client\src\seu\vcampus\client\controller\RoomManageController.java", "Java", 298, 0, 0, 42, 78, 418
"d:\qq\接受文件\vcampus-projects-new\vcampus-projects-new\vcampus-projects-2\vcampus_client\src\seu\vcampus\client\controller\StoreManage3Controller.java", "Java", 418, 0, 0, 270, 94, 782
"d:\qq\接受文件\vcampus-projects-new\vcampus-projects-new\vcampus-projects-2\vcampus_client\src\seu\vcampus\client\controller\StoreManageController.java", "Java", 366, 0, 0, 46, 64, 476
"d:\qq\接受文件\vcampus-projects-new\vcampus-projects-new\vcampus-projects-2\vcampus_client\src\seu\vcampus\client\controller\StudentDormitoryInfoController.java", "Java", 262, 0, 0, 31, 51, 344
"d:\qq\接受文件\vcampus-projects-new\vcampus-projects-new\vcampus-projects-2\vcampus_client\src\seu\vcampus\client\controller\StudentElectricityWaterBillController.java", "Java", 196, 0, 0, 13, 36, 245
"d:\qq\接受文件\vcampus-projects-new\vcampus-projects-new\vcampus-projects-2\vcampus_client\src\seu\vcampus\client\controller\StudentExchangeController.java", "Java", 118, 0, 0, 11, 28, 157
"d:\qq\接受文件\vcampus-projects-new\vcampus-projects-new\vcampus-projects-2\vcampus_client\src\seu\vcampus\client\controller\StudentGradesController.java", "Java", 393, 0, 0, 27, 86, 506
"d:\qq\接受文件\vcampus-projects-new\vcampus-projects-new\vcampus-projects-2\vcampus_client\src\seu\vcampus\client\controller\StudentInfoController.java", "Java", 120, 0, 0, 14, 23, 157
"d:\qq\接受文件\vcampus-projects-new\vcampus-projects-new\vcampus-projects-2\vcampus_client\src\seu\vcampus\client\controller\StudentPortalController.java", "Java", 356, 0, 0, 32, 44, 432
"d:\qq\接受文件\vcampus-projects-new\vcampus-projects-new\vcampus-projects-2\vcampus_client\src\seu\vcampus\client\controller\StudentProfileController.java", "Java", 111, 0, 0, 4, 20, 135
"d:\qq\接受文件\vcampus-projects-new\vcampus-projects-new\vcampus-projects-2\vcampus_client\src\seu\vcampus\client\controller\StudentRepairController.java", "Java", 74, 0, 0, 6, 18, 98
"d:\qq\接受文件\vcampus-projects-new\vcampus-projects-new\vcampus-projects-2\vcampus_client\src\seu\vcampus\client\controller\StudentRewardPunishmentController.java", "Java", 191, 0, 0, 41, 40, 272
"d:\qq\接受文件\vcampus-projects-new\vcampus-projects-new\vcampus-projects-2\vcampus_client\src\seu\vcampus\client\controller\StudentStatusChangeController.java", "Java", 414, 0, 0, 23, 84, 521
"d:\qq\接受文件\vcampus-projects-new\vcampus-projects-new\vcampus-projects-2\vcampus_client\src\seu\vcampus\client\controller\TeacherGradesController.java", "Java", 489, 0, 0, 24, 86, 599
"d:\qq\接受文件\vcampus-projects-new\vcampus-projects-new\vcampus-projects-2\vcampus_client\src\seu\vcampus\client\controller\TeacherInfoController.java", "Java", 106, 0, 0, 10, 18, 134
"d:\qq\接受文件\vcampus-projects-new\vcampus-projects-new\vcampus-projects-2\vcampus_client\src\seu\vcampus\client\controller\TeacherPortalController.java", "Java", 354, 0, 0, 5, 44, 403
"d:\qq\接受文件\vcampus-projects-new\vcampus-projects-new\vcampus-projects-2\vcampus_client\src\seu\vcampus\client\controller\TransactionHistoryController.java", "Java", 230, 0, 0, 29, 64, 323
"d:\qq\接受文件\vcampus-projects-new\vcampus-projects-new\vcampus-projects-2\vcampus_client\src\seu\vcampus\client\network\SocketManager.java", "Java", 96, 0, 0, 43, 21, 160
"d:\qq\接受文件\vcampus-projects-new\vcampus-projects-new\vcampus-projects-2\vcampus_client\src\seu\vcampus\client\session\CampusSession.java", "Java", 145, 0, 0, 56, 25, 226
"d:\qq\接受文件\vcampus-projects-new\vcampus-projects-new\vcampus-projects-2\vcampus_client\src\seu\vcampus\client\session\UserSession.java", "Java", 57, 0, 0, 16, 13, 86
"d:\qq\接受文件\vcampus-projects-new\vcampus-projects-new\vcampus-projects-2\vcampus_client\src\seu\vcampus\client\util\AesEncryptUtil.java", "Java", 35, 0, 0, 14, 9, 58
"d:\qq\接受文件\vcampus-projects-new\vcampus-projects-new\vcampus-projects-2\vcampus_client\src\seu\vcampus\client\util\DeviceUuidUtil.java", "Java", 31, 0, 0, 8, 4, 43
"d:\qq\接受文件\vcampus-projects-new\vcampus-projects-new\vcampus-projects-2\vcampus_client\src\seu\vcampus\client\util\GradeConverter.java", "Java", 142, 0, 0, 111, 44, 297
"d:\qq\接受文件\vcampus-projects-new\vcampus-projects-new\vcampus-projects-2\vcampus_client\src\seu\vcampus\client\util\GradeUtils.java", "Java", 30, 0, 0, 21, 6, 57
"d:\qq\接受文件\vcampus-projects-new\vcampus-projects-new\vcampus-projects-2\vcampus_client\src\seu\vcampus\client\util\PreferencesUtil.java", "Java", 20, 0, 0, 9, 7, 36
"d:\qq\接受文件\vcampus-projects-new\vcampus-projects-new\vcampus-projects-2\vcampus_client\src\seu\vcampus\client\util\SemesterConverter.java", "Java", 68, 0, 0, 38, 17, 123
"d:\qq\接受文件\vcampus-projects-new\vcampus-projects-new\vcampus-projects-2\vcampus_common\src\module-info.java", "Java", 8, 0, 0, 8, 0, 16
"d:\qq\接受文件\vcampus-projects-new\vcampus-projects-new\vcampus-projects-2\vcampus_common\src\seu\vcampus\model\AbsenceInfo.java", "Java", 20, 0, 0, 0, 8, 28
"d:\qq\接受文件\vcampus-projects-new\vcampus-projects-new\vcampus-projects-2\vcampus_common\src\seu\vcampus\model\AdminBillRecord.java", "Java", 74, 0, 0, 2, 22, 98
"d:\qq\接受文件\vcampus-projects-new\vcampus-projects-new\vcampus-projects-2\vcampus_common\src\seu\vcampus\model\AdminBookRequest.java", "Java", 17, 0, 0, 1, 5, 23
"d:\qq\接受文件\vcampus-projects-new\vcampus-projects-new\vcampus-projects-2\vcampus_common\src\seu\vcampus\model\AdminDeleteRoomRequest.java", "Java", 10, 0, 0, 0, 3, 13
"d:\qq\接受文件\vcampus-projects-new\vcampus-projects-new\vcampus-projects-2\vcampus_common\src\seu\vcampus\model\AdminDormitoryInfoResponse.java", "Java", 54, 0, 0, 2, 17, 73
"d:\qq\接受文件\vcampus-projects-new\vcampus-projects-new\vcampus-projects-2\vcampus_common\src\seu\vcampus\model\AdminInfo.java", "Java", 66, 0, 0, 0, 3, 69
"d:\qq\接受文件\vcampus-projects-new\vcampus-projects-new\vcampus-projects-2\vcampus_common\src\seu\vcampus\model\AdminInfoRequest.java", "Java", 10, 0, 0, 0, 6, 16
"d:\qq\接受文件\vcampus-projects-new\vcampus-projects-new\vcampus-projects-2\vcampus_common\src\seu\vcampus\model\AdminRoomBookingRequest.java", "Java", 10, 0, 0, 1, 3, 14
"d:\qq\接受文件\vcampus-projects-new\vcampus-projects-new\vcampus-projects-2\vcampus_common\src\seu\vcampus\model\AdminRoomInfoRequest.java", "Java", 3, 0, 0, 2, 1, 6
"d:\qq\接受文件\vcampus-projects-new\vcampus-projects-new\vcampus-projects-2\vcampus_common\src\seu\vcampus\model\BookInfo.java", "Java", 66, 0, 0, 1, 19, 86
"d:\qq\接受文件\vcampus-projects-new\vcampus-projects-new\vcampus-projects-2\vcampus_common\src\seu\vcampus\model\BookInfoRequest.java", "Java", 52, 0, 0, 2, 16, 70
"d:\qq\接受文件\vcampus-projects-new\vcampus-projects-new\vcampus-projects-2\vcampus_common\src\seu\vcampus\model\BorrowInfo.java", "Java", 45, 0, 0, 2, 13, 60
"d:\qq\接受文件\vcampus-projects-new\vcampus-projects-new\vcampus-projects-2\vcampus_common\src\seu\vcampus\model\BorrowInfoRequest.java", "Java", 10, 0, 0, 0, 4, 14
"d:\qq\接受文件\vcampus-projects-new\vcampus-projects-new\vcampus-projects-2\vcampus_common\src\seu\vcampus\model\BorrowRequest.java", "Java", 12, 0, 0, 2, 4, 18
"d:\qq\接受文件\vcampus-projects-new\vcampus-projects-new\vcampus-projects-2\vcampus_common\src\seu\vcampus\model\CartItem.java", "Java", 37, 0, 0, 2, 10, 49
"d:\qq\接受文件\vcampus-projects-new\vcampus-projects-new\vcampus-projects-2\vcampus_common\src\seu\vcampus\model\CartRequest.java", "Java", 18, 0, 0, 1, 6, 25
"d:\qq\接受文件\vcampus-projects-new\vcampus-projects-new\vcampus-projects-2\vcampus_common\src\seu\vcampus\model\CartResponse.java", "Java", 19, 0, 0, 1, 7, 27
"d:\qq\接受文件\vcampus-projects-new\vcampus-projects-new\vcampus-projects-2\vcampus_common\src\seu\vcampus\model\ChangePasswordRequest.java", "Java", 18, 0, 0, 1, 6, 25
"d:\qq\接受文件\vcampus-projects-new\vcampus-projects-new\vcampus-projects-2\vcampus_common\src\seu\vcampus\model\CheckoutRequest.java", "Java", 15, 0, 0, 1, 6, 22
"d:\qq\接受文件\vcampus-projects-new\vcampus-projects-new\vcampus-projects-2\vcampus_common\src\seu\vcampus\model\CheckoutResponse.java", "Java", 18, 0, 0, 3, 6, 27
"d:\qq\接受文件\vcampus-projects-new\vcampus-projects-new\vcampus-projects-2\vcampus_common\src\seu\vcampus\model\ClassInfo.java", "Java", 28, 0, 0, 0, 8, 36
"d:\qq\接受文件\vcampus-projects-new\vcampus-projects-new\vcampus-projects-2\vcampus_common\src\seu\vcampus\model\CollegeInfo.java", "Java", 16, 0, 0, 0, 6, 22
"d:\qq\接受文件\vcampus-projects-new\vcampus-projects-new\vcampus-projects-2\vcampus_common\src\seu\vcampus\model\CourseTime.java", "Java", 64, 0, 0, 3, 23, 90
"d:\qq\接受文件\vcampus-projects-new\vcampus-projects-new\vcampus-projects-2\vcampus_common\src\seu\vcampus\model\CourseToTime.java", "Java", 40, 0, 0, 3, 14, 57
"d:\qq\接受文件\vcampus-projects-new\vcampus-projects-new\vcampus-projects-2\vcampus_common\src\seu\vcampus\model\CurrentBill.java", "Java", 45, 0, 0, 1, 16, 62
"d:\qq\接受文件\vcampus-projects-new\vcampus-projects-new\vcampus-projects-2\vcampus_common\src\seu\vcampus\model\DeskCourse.java", "Java", 44, 0, 0, 3, 15, 62
"d:\qq\接受文件\vcampus-projects-new\vcampus-projects-new\vcampus-projects-2\vcampus_common\src\seu\vcampus\model\DormitoryExchangeApplication.java", "Java", 55, 0, 0, 5, 18, 78
"d:\qq\接受文件\vcampus-projects-new\vcampus-projects-new\vcampus-projects-2\vcampus_common\src\seu\vcampus\model\DormitoryExchangeRequest.java", "Java", 30, 0, 0, 2, 9, 41
"d:\qq\接受文件\vcampus-projects-new\vcampus-projects-new\vcampus-projects-2\vcampus_common\src\seu\vcampus\model\DormitoryInfoRequest.java", "Java", 12, 0, 0, 1, 2, 15
"d:\qq\接受文件\vcampus-projects-new\vcampus-projects-new\vcampus-projects-2\vcampus_common\src\seu\vcampus\model\DormitoryInfoResponse.java", "Java", 49, 0, 0, 3, 12, 64
"d:\qq\接受文件\vcampus-projects-new\vcampus-projects-new\vcampus-projects-2\vcampus_common\src\seu\vcampus\model\ElectricityWaterBillRequest.java", "Java", 10, 0, 0, 0, 3, 13
"d:\qq\接受文件\vcampus-projects-new\vcampus-projects-new\vcampus-projects-2\vcampus_common\src\seu\vcampus\model\ElectricityWaterBillResponse.java", "Java", 57, 0, 0, 2, 16, 75
"d:\qq\接受文件\vcampus-projects-new\vcampus-projects-new\vcampus-projects-2\vcampus_common\src\seu\vcampus\model\FinalCourse.java", "Java", 129, 0, 0, 4, 37, 170
"d:\qq\接受文件\vcampus-projects-new\vcampus-projects-new\vcampus-projects-2\vcampus_common\src\seu\vcampus\model\HistoryBill.java", "Java", 54, 0, 0, 1, 16, 71
"d:\qq\接受文件\vcampus-projects-new\vcampus-projects-new\vcampus-projects-2\vcampus_common\src\seu\vcampus\model\HygieneRecord.java", "Java", 38, 0, 0, 2, 11, 51
"d:\qq\接受文件\vcampus-projects-new\vcampus-projects-new\vcampus-projects-2\vcampus_common\src\seu\vcampus\model\LoginRequest.java", "Java", 24, 0, 0, 1, 11, 36
"d:\qq\接受文件\vcampus-projects-new\vcampus-projects-new\vcampus-projects-2\vcampus_common\src\seu\vcampus\model\LoginResponse.java", "Java", 32, 0, 0, 1, 17, 50
"d:\qq\接受文件\vcampus-projects-new\vcampus-projects-new\vcampus-projects-2\vcampus_common\src\seu\vcampus\model\MajorInfo.java", "Java", 40, 0, 0, 0, 7, 47
"d:\qq\接受文件\vcampus-projects-new\vcampus-projects-new\vcampus-projects-2\vcampus_common\src\seu\vcampus\model\Order.java", "Java", 37, 0, 0, 2, 11, 50
"d:\qq\接受文件\vcampus-projects-new\vcampus-projects-new\vcampus-projects-2\vcampus_common\src\seu\vcampus\model\OrderDetailRequest.java", "Java", 10, 0, 0, 1, 4, 15
"d:\qq\接受文件\vcampus-projects-new\vcampus-projects-new\vcampus-projects-2\vcampus_common\src\seu\vcampus\model\OrderDetailResponse.java", "Java", 18, 0, 0, 1, 6, 25
"d:\qq\接受文件\vcampus-projects-new\vcampus-projects-new\vcampus-projects-2\vcampus_common\src\seu\vcampus\model\OrderHistoryRequest.java", "Java", 10, 0, 0, 1, 4, 15
"d:\qq\接受文件\vcampus-projects-new\vcampus-projects-new\vcampus-projects-2\vcampus_common\src\seu\vcampus\model\OrderHistoryResponse.java", "Java", 19, 0, 0, 1, 7, 27
"d:\qq\接受文件\vcampus-projects-new\vcampus-projects-new\vcampus-projects-2\vcampus_common\src\seu\vcampus\model\OrderItem.java", "Java", 24, 0, 0, 2, 5, 31
"d:\qq\接受文件\vcampus-projects-new\vcampus-projects-new\vcampus-projects-2\vcampus_common\src\seu\vcampus\model\OrderStatusUpdateRequest.java", "Java", 14, 0, 0, 0, 5, 19
"d:\qq\接受文件\vcampus-projects-new\vcampus-projects-new\vcampus-projects-2\vcampus_common\src\seu\vcampus\model\PaymentRequest.java", "Java", 18, 0, 0, 1, 6, 25
"d:\qq\接受文件\vcampus-projects-new\vcampus-projects-new\vcampus-projects-2\vcampus_common\src\seu\vcampus\model\PaymentResponse.java", "Java", 18, 0, 0, 1, 6, 25
"d:\qq\接受文件\vcampus-projects-new\vcampus-projects-new\vcampus-projects-2\vcampus_common\src\seu\vcampus\model\Product.java", "Java", 67, 0, 0, 3, 16, 86
"d:\qq\接受文件\vcampus-projects-new\vcampus-projects-new\vcampus-projects-2\vcampus_common\src\seu\vcampus\model\ProductAddRequest.java", "Java", 10, 0, 0, 0, 4, 14
"d:\qq\接受文件\vcampus-projects-new\vcampus-projects-new\vcampus-projects-2\vcampus_common\src\seu\vcampus\model\ProductDeleteRequest.java", "Java", 10, 0, 0, 0, 4, 14
"d:\qq\接受文件\vcampus-projects-new\vcampus-projects-new\vcampus-projects-2\vcampus_common\src\seu\vcampus\model\ProductInfoRequest.java", "Java", 14, 0, 0, 0, 5, 19
"d:\qq\接受文件\vcampus-projects-new\vcampus-projects-new\vcampus-projects-2\vcampus_common\src\seu\vcampus\model\ProductInfoResponse.java", "Java", 23, 0, 0, 0, 8, 31
"d:\qq\接受文件\vcampus-projects-new\vcampus-projects-new\vcampus-projects-2\vcampus_common\src\seu\vcampus\model\ProductUpdateRequest.java", "Java", 10, 0, 0, 0, 4, 14
"d:\qq\接受文件\vcampus-projects-new\vcampus-projects-new\vcampus-projects-2\vcampus_common\src\seu\vcampus\model\RepairInfo.java", "Java", 75, 0, 0, 3, 18, 96
"d:\qq\接受文件\vcampus-projects-new\vcampus-projects-new\vcampus-projects-2\vcampus_common\src\seu\vcampus\model\RepairRequest.java", "Java", 22, 0, 0, 2, 7, 31
"d:\qq\接受文件\vcampus-projects-new\vcampus-projects-new\vcampus-projects-2\vcampus_common\src\seu\vcampus\model\RewardPunishment.java", "Java", 64, 0, 0, 3, 19, 86
"d:\qq\接受文件\vcampus-projects-new\vcampus-projects-new\vcampus-projects-2\vcampus_common\src\seu\vcampus\model\RoomBookingInfo.java", "Java", 61, 0, 0, 1, 18, 80
"d:\qq\接受文件\vcampus-projects-new\vcampus-projects-new\vcampus-projects-2\vcampus_common\src\seu\vcampus\model\RoomBookingRequest.java", "Java", 40, 0, 0, 1, 14, 55
"d:\qq\接受文件\vcampus-projects-new\vcampus-projects-new\vcampus-projects-2\vcampus_common\src\seu\vcampus\model\RoomInfo.java", "Java", 47, 0, 0, 1, 14, 62
"d:\qq\接受文件\vcampus-projects-new\vcampus-projects-new\vcampus-projects-2\vcampus_common\src\seu\vcampus\model\RoomInfoRequest.java", "Java", 25, 0, 0, 1, 12, 38
"d:\qq\接受文件\vcampus-projects-new\vcampus-projects-new\vcampus-projects-2\vcampus_common\src\seu\vcampus\model\ShoppingCart.java", "Java", 44, 0, 0, 2, 11, 57
"d:\qq\接受文件\vcampus-projects-new\vcampus-projects-new\vcampus-projects-2\vcampus_common\src\seu\vcampus\model\StatusChangeApplication.java", "Java", 28, 0, 0, 0, 7, 35
"d:\qq\接受文件\vcampus-projects-new\vcampus-projects-new\vcampus-projects-2\vcampus_common\src\seu\vcampus\model\StudentGrades.java", "Java", 58, 0, 0, 3, 10, 71
"d:\qq\接受文件\vcampus-projects-new\vcampus-projects-new\vcampus-projects-2\vcampus_common\src\seu\vcampus\model\StudentInfo.java", "Java", 164, 0, 0, 0, 5, 169
"d:\qq\接受文件\vcampus-projects-new\vcampus-projects-new\vcampus-projects-2\vcampus_common\src\seu\vcampus\model\StudentInfoRequest.java", "Java", 10, 0, 0, 0, 6, 16
"d:\qq\接受文件\vcampus-projects-new\vcampus-projects-new\vcampus-projects-2\vcampus_common\src\seu\vcampus\model\StudentProfile.java", "Java", 54, 0, 0, 0, 7, 61
"d:\qq\接受文件\vcampus-projects-new\vcampus-projects-new\vcampus-projects-2\vcampus_common\src\seu\vcampus\model\StudentRetrieveCondition.java", "Java", 24, 0, 0, 1, 4, 29
"d:\qq\接受文件\vcampus-projects-new\vcampus-projects-new\vcampus-projects-2\vcampus_common\src\seu\vcampus\model\StudentSC.java", "Java", 40, 0, 0, 3, 15, 58
"d:\qq\接受文件\vcampus-projects-new\vcampus-projects-new\vcampus-projects-2\vcampus_common\src\seu\vcampus\model\TeacherInfo.java", "Java", 48, 0, 0, 1, 16, 65
"d:\qq\接受文件\vcampus-projects-new\vcampus-projects-new\vcampus-projects-2\vcampus_common\src\seu\vcampus\model\TeacherInfoRequest.java", "Java", 6, 0, 0, 0, 2, 8
"d:\qq\接受文件\vcampus-projects-new\vcampus-projects-new\vcampus-projects-2\vcampus_common\src\seu\vcampus\model\TestCourse.java", "Java", 105, 0, 0, 4, 31, 140
"d:\qq\接受文件\vcampus-projects-new\vcampus-projects-new\vcampus-projects-2\vcampus_common\src\seu\vcampus\model\Transaction.java", "Java", 34, 0, 0, 2, 4, 40
"d:\qq\接受文件\vcampus-projects-new\vcampus-projects-new\vcampus-projects-2\vcampus_common\src\seu\vcampus\model\TransactionRequest.java", "Java", 6, 0, 0, 1, 2, 9
"d:\qq\接受文件\vcampus-projects-new\vcampus-projects-new\vcampus-projects-2\vcampus_common\src\seu\vcampus\model\TransactionResponse.java", "Java", 7, 0, 0, 1, 3, 11
"d:\qq\接受文件\vcampus-projects-new\vcampus-projects-new\vcampus-projects-2\vcampus_common\src\seu\vcampus\util\LocalDateAdapter.java", "Java", 16, 0, 0, 0, 4, 20
"d:\qq\接受文件\vcampus-projects-new\vcampus-projects-new\vcampus-projects-2\vcampus_server\src\module-info.java", "Java", 5, 0, 0, 6, 0, 11
"d:\qq\接受文件\vcampus-projects-new\vcampus-projects-new\vcampus-projects-2\vcampus_server\src\seu\vcampus\server\Server.java", "Java", 5565, 0, 0, 616, 907, 7088
"Total", "-", 24482, 7816, 6864, 4061, 6899, 50122